barrio,population,category,23abr2020 ,30abr2020 ,07may2020 ,14may2020 ,21may2020 ,28may2020 ,04jun2020 
RETIRO,65398.4375,Low,11.62107277,156.5939484,495.4093933,1194.386353,1392.969116,1806.648682,1028.373169
RECOLETA,158620.0313,High,1.172613621,2.383053303,9.557431221,12.2998333,15.49615097,17.08485413,25.82901955
PALERMO,225836.0156,High,2.732070923,3.32984972,2.528383255,4.729094982,5.291450024,13.13785172,18.42930222
FLORES,164196.6406,Low,19.31221008,20.40236664,30.81061745,73.05873871,131.3242493,219.2371216,245.9490051
BARRACAS,89564.47656,Medium,1.283991218,9.981636047,13.74428844,32.40123749,96.0313797,248.1787567,275.6115112
BALVANERA,139151.9219,Medium,5.684434414,8.781768799,4.649594307,11.36168289,26.33811951,75.91702271,70.23977661
