barrio,population,category,23abr2020 ,30abr2020 ,07may2020 ,14may2020 ,21may2020 ,28may2020 ,04jun2020 
RETIRO,65398.4375,Low,7.645442486,102.4489288,324.1667786,781.3642578,911.336731,1181.985474,672.7989502
RECOLETA,158620.0313,High,1.891312242,3.782624483,15.13049793,19.54356003,24.58705902,27.10880852,40.9784317
PALERMO,225836.0156,High,6.199188232,7.527585983,5.756389141,10.6271801,11.95557785,29.66754341,41.62312317
FLORES,164196.6406,Low,31.66934395,33.49642181,50.54914474,119.978096,215.5951538,359.9342957,403.7841492
BARRACAS,89564.47656,Medium,1.116514087,8.932112694,12.28165531,29.02936554,85.97158813,222.1863098,246.7496185
BALVANERA,139151.9219,Medium,7.905029297,12.21686363,6.467751026,15.81005859,36.65058899,105.6399384,97.73490906
